Id,targets
8000,45.014156
8001,44.89706
8002,49.513348
8003,34.37806
8004,47.081665
8005,43.572575
8006,52.749657
8007,57.186558
8008,25.696516
8009,49.442226
8010,40.489197
8011,53.432503
8012,52.54396
8013,37.050533
8014,48.316376
8015,33.47438
8016,39.2517
8017,45.030823
8018,44.869175
8019,68.03518
8020,49.814796
8021,61.279625
8022,64.696594
8023,36.59552
8024,33.18131
8025,16.890985
8026,42.180252
8027,38.73358
8028,50.275627
8029,39.08703
8030,44.555878
8031,52.39199
8032,42.68461
8033,28.405067
8034,33.19805
8035,28.933147
8036,51.59291
8037,49.147667
8038,53.128677
8039,28.129383
8040,31.940304
8041,38.5619
8042,77.49438
8043,56.71522
8044,51.53143
8045,25.410303
8046,41.331245
8047,30.679382
8048,51.13121
8049,39.804882
8050,43.397453
8051,47.12463
8052,44.05204
8053,35.223656
8054,36.62052
8055,26.501476
8056,52.035534
8057,43.462677
8058,66.265465
8059,50.25657
8060,47.649475
8061,60.260174
8062,36.974377
8063,47.20068
8064,35.68182
8065,54.534496
8066,43.900806
8067,37.38154
8068,33.70358
8069,37.85111
8070,49.00159
8071,60.028515
8072,49.004475
8073,42.700867
8074,47.581547
8075,56.177216
8076,29.685442
8077,48.097267
8078,36.26425
8079,59.779224
8080,40.8157
8081,25.628195
8082,48.81223
8083,51.24472
8084,43.21448
8085,52.684082
8086,58.432064
8087,44.20753
8088,29.192272
8089,57.506058
8090,44.052177
8091,45.639053
8092,59.77613
8093,31.10958
8094,51.966007
8095,55.345375
8096,24.036804
8097,28.905663
8098,36.249428
8099,30.37657
8100,66.32331
8101,22.805866
8102,47.707146
8103,32.628918
8104,38.311924
8105,37.49481
8106,38.20101
8107,61.80266
8108,42.523888
8109,29.995268
8110,62.775978
8111,72.44233
8112,39.107323
8113,38.048656
8114,47.982826
8115,34.957527
8116,49.93483
8117,45.364952
8118,44.81251
8119,40.64981
8120,42.52422
8121,49.8465
8122,41.303608
8123,64.98898
8124,40.27826
8125,31.141344
8126,33.45084
8127,64.56119
8128,32.93638
8129,68.845894
8130,34.89736
8131,33.437714
8132,48.740723
8133,48.255245
8134,39.620975
8135,42.230354
8136,56.920204
8137,49.566757
8138,37.081554
8139,41.22616
8140,45.280598
8141,42.310528
8142,40.099842
8143,45.45785
8144,69.40946
8145,29.653135
8146,38.01204
8147,69.99714
8148,36.83206
8149,51.5362
8150,61.71587
8151,61.597313
8152,41.384144
8153,54.383064
8154,33.46983
8155,43.36051
8156,56.70519
8157,41.876648
8158,50.356197
8159,38.422565
8160,33.01374
8161,48.41822
8162,21.94676
8163,50.005886
8164,32.393494
8165,37.527966
8166,44.24252
8167,44.81585
8168,45.615936
8169,54.881813
8170,60.535954
8171,72.12928
8172,48.398155
8173,36.938324
8174,42.473957
8175,31.081835
8176,40.696236
8177,52.086765
8178,22.529385
8179,50.483036
8180,66.913536
8181,33.557228
8182,58.941242
8183,48.938515
8184,41.730724
8185,44.414524
8186,45.38462
8187,60.431213
8188,56.759506
8189,37.949165
8190,49.474987
8191,34.503838
8192,44.50796
8193,43.367752
8194,35.59983
8195,64.91787
8196,49.637527
8197,50.09771
8198,39.391815
8199,58.92883
8200,32.353386
8201,46.73542
8202,46.87331
8203,63.762028
8204,38.486576
8205,43.417427
8206,43.075344
8207,52.082333
8208,54.26292
8209,47.164806
8210,43.955128
8211,37.325237
8212,45.317963
8213,41.495106
8214,54.64837
8215,32.311546
8216,45.815712
8217,17.872736
8218,54.74241
8219,41.10778
8220,58.90927
8221,58.98561
8222,46.636814
8223,51.618263
8224,29.685923
8225,37.59266
8226,45.84422
8227,22.423803
8228,35.56263
8229,50.592514
8230,46.714294
8231,45.742317
8232,36.665054
8233,25.26959
8234,49.635864
8235,39.235203
8236,47.64896
8237,41.58937
8238,63.471684
8239,17.013111
8240,35.63398
8241,40.261887
8242,45.531296
8243,47.85642
8244,49.37702
8245,42.304672
8246,48.757576
8247,44.11456
8248,38.93669
8249,46.801994
8250,54.5661
8251,40.291237
8252,34.053364
8253,40.04174
8254,32.59498
8255,30.711014
8256,39.917915
8257,45.089794
8258,44.474438
8259,37.74774
8260,26.81111
8261,61.119347
8262,43.117905
8263,44.367138
8264,40.27446
8265,46.063248
8266,55.04458
8267,34.255352
8268,50.322304
8269,41.340084
8270,49.944824
8271,49.715904
8272,24.02917
8273,53.944595
8274,32.953114
8275,54.12629
8276,39.18798
8277,44.51515
8278,45.39533
8279,43.457527
8280,43.565376
8281,33.796673
8282,47.563507
8283,32.300144
8284,38.42524
8285,48.68579
8286,52.582687
8287,46.617523
8288,44.21946
8289,31.95225
8290,40.219097
8291,39.84518
8292,62.58053
8293,39.25898
8294,50.06456
8295,46.25521
8296,44.203716
8297,49.35668
8298,41.98926
8299,58.59014
8300,52.98697
8301,47.068546
8302,50.91548
8303,61.86501
8304,34.255077
8305,41.854908
8306,46.291782
8307,36.302532
8308,25.567533
8309,37.65777
8310,29.3486
8311,40.137848
8312,50.12268
8313,58.490776
8314,40.61092
8315,51.29451
8316,35.13688
8317,47.447502
8318,54.441956
8319,32.737495
8320,34.353333
8321,70.37914
8322,29.184046
8323,42.80628
8324,52.468285
8325,49.3304
8326,31.148575
8327,60.59198
8328,63.700108
8329,63.36817
8330,49.701786
8331,55.33516
8332,51.338863
8333,42.38406
8334,54.841713
8335,69.07255
8336,30.308792
8337,50.70791
8338,42.197666
8339,67.99961
8340,41.705544
8341,52.459435
8342,69.64778
8343,39.44659
8344,62.199116
8345,41.430916
8346,35.952328
8347,47.233887
8348,32.24025
8349,46.340717
8350,47.806377
8351,40.20609
8352,49.310936
8353,57.411602
8354,51.266327
8355,36.85345
8356,47.996326
8357,44.12036
8358,44.437157
8359,24.169203
8360,32.933525
8361,43.974182
8362,46.288708
8363,34.29821
8364,46.18316
8365,41.874115
8366,52.85871
8367,32.75676
8368,38.85965
8369,55.006042
8370,34.054817
8371,46.175613
8372,61.09739
8373,69.926094
8374,40.508636
8375,58.42486
8376,42.962795
8377,57.61981
8378,68.79038
8379,39.727707
8380,34.59691
8381,21.464266
8382,25.854713
8383,37.49759
8384,61.31045
8385,44.848587
8386,51.887455
8387,35.41716
8388,60.590527
8389,42.361534
8390,38.49137
8391,38.06868
8392,37.71724
8393,49.699104
8394,51.027763
8395,36.49667
8396,37.385513
8397,48.358147
8398,51.536358
8399,55.95335
8400,19.70343
8401,28.293064
8402,44.311554
8403,45.847782
8404,46.51677
8405,73.28469
8406,45.234043
8407,63.886745
8408,37.522835
8409,56.488358
8410,54.89739
8411,42.59304
8412,41.560783
8413,45.462883
8414,45.173656
8415,48.330338
8416,30.54434
8417,49.563683
8418,42.59202
8419,32.18895
8420,32.0631
8421,28.805899
8422,32.2015
8423,42.904808
8424,46.124508
8425,41.926315
8426,42.759003
8427,40.602142
8428,28.90591
8429,47.75145
8430,37.4899
8431,44.231823
8432,52.265495
8433,49.789284
8434,45.486073
8435,36.595177
8436,30.72707
8437,20.81219
8438,36.483665
8439,34.600853
8440,35.168427
8441,56.37339
8442,64.80285
8443,35.435192
8444,51.219513
8445,41.789024
8446,48.79965
8447,38.262337
8448,37.679047
8449,52.380806
8450,42.313652
8451,54.576157
8452,21.037872
8453,55.98068
8454,45.780136
8455,26.808115
8456,45.368206
8457,52.708057
8458,31.429323
8459,43.652504
8460,36.16729
8461,34.656403
8462,51.60377
8463,55.05532
8464,51.768646
8465,40.00092
8466,43.232876
8467,47.003983
8468,69.525856
8469,55.95806
8470,44.16256
8471,46.652164
8472,39.73916
8473,58.27488
8474,54.76972
8475,28.988008
8476,29.907387
8477,48.897186
8478,63.621475
8479,54.36255
8480,53.551865
8481,39.47175
8482,40.803337
8483,49.384193
8484,35.188194
8485,47.421543
8486,43.274223
8487,42.653824
8488,63.274445
8489,36.145172
8490,34.042248
8491,33.52833
8492,31.455402
8493,51.7461
8494,58.92933
8495,49.982994
8496,38.85114
8497,51.96737
8498,30.429728
8499,45.962013
8500,48.637077
8501,51.998108
8502,49.467293
8503,61.05944
8504,46.030594
8505,46.06455
8506,58.7269
8507,78.119965
8508,33.972137
8509,40.630573
8510,55.433815
8511,45.93742
8512,25.863338
8513,49.997276
8514,53.10052
8515,33.79782
8516,43.45423
8517,40.732
8518,53.19406
8519,50.479958
8520,44.977356
8521,57.8799
8522,44.05664
8523,53.274563
8524,32.934177
8525,58.193382
8526,56.364372
8527,43.234367
8528,30.83709
8529,33.98054
8530,30.496046
8531,43.64109
8532,40.11298
8533,41.388504
8534,48.729794
8535,45.20582
8536,30.720137
8537,78.5489
8538,24.050817
8539,35.697754
8540,40.44426
8541,44.543407
8542,44.80188
8543,30.529171
8544,42.873283
8545,53.785416
8546,36.65783
8547,40.62824
8548,46.36535
8549,53.36489
8550,46.524643
8551,44.616817
8552,29.834522
8553,48.2705
8554,53.051224
8555,34.378704
8556,44.09124
8557,41.448765
8558,44.08739
8559,53.196884
8560,49.019333
8561,26.194872
8562,45.221684
8563,50.285732
8564,34.52198
8565,24.57072
8566,17.12887
8567,50.61581
8568,60.463707
8569,41.60032
8570,46.577736
8571,51.25499
8572,51.02216
8573,54.081654
8574,46.82628
8575,29.52146
8576,51.07877
8577,44.62922
8578,64.83895
8579,47.623436
8580,57.785873
8581,39.11644
8582,30.290865
8583,60.849533
8584,28.235975
8585,41.848286
8586,48.274475
8587,29.46403
8588,48.258453
8589,44.429314
8590,40.615726
8591,40.34254
8592,35.431065
8593,29.600088
8594,41.678127
8595,63.19008
8596,31.740858
8597,38.276955
8598,55.90152
8599,50.301865
8600,50.778763
8601,49.017975
8602,37.198498
8603,39.59509
8604,37.074417
8605,43.47447
8606,67.55814
8607,45.862007
8608,54.78707
8609,49.14605
8610,50.69529
8611,36.041767
8612,44.259163
8613,54.790276
8614,55.13372
8615,48.428093
8616,44.607964
8617,32.52976
8618,43.069347
8619,53.72062
8620,29.012697
8621,63.110096
8622,25.825151
8623,47.82574
8624,26.252924
8625,28.647308
8626,50.301777
8627,57.640213
8628,59.596584
8629,38.704174
8630,52.25214
8631,55.937664
8632,60.836777
8633,61.79804
8634,61.82321
8635,36.090122
8636,43.18879
8637,49.56844
8638,51.623703
8639,47.450687
8640,46.517586
8641,33.950626
8642,41.85156
8643,19.652386
8644,41.5765
8645,47.387955
8646,37.000256
8647,44.510612
8648,52.28798
8649,49.74743
8650,52.558975
8651,67.50608
8652,48.743584
8653,40.040627
8654,41.970707
8655,35.46283
8656,52.78141
8657,35.101723
8658,52.604687
8659,55.72963
8660,31.529125
8661,30.25059
8662,59.744465
8663,37.290493
8664,54.41455
8665,36.585976
8666,35.76348
8667,46.581665
8668,43.231552
8669,62.033966
8670,44.31577
8671,49.76748
8672,29.444359
8673,44.268803
8674,39.964485
8675,64.100365
8676,46.038597
8677,40.629208
8678,57.93107
8679,38.626335
8680,50.992256
8681,40.302406
8682,49.334183
8683,52.17289
8684,30.378113
8685,36.404392
8686,62.308525
8687,29.238123
8688,41.578617
8689,27.670076
8690,42.388924
8691,39.00732
8692,47.2584
8693,31.953573
8694,51.38835
8695,42.75959
8696,62.330452
8697,56.753563
8698,44.294342
8699,56.291485
8700,29.841673
8701,57.42846
8702,52.786026
8703,53.314297
8704,68.99572
8705,56.86901
8706,51.847622
8707,51.168
8708,33.30845
8709,37.561752
8710,41.7183
8711,58.08851
8712,61.567223
8713,55.57819
8714,46.09188
8715,57.609734
8716,48.332306
8717,59.266647
8718,66.79003
8719,50.781605
8720,44.79521
8721,41.80239
8722,50.292496
8723,44.45382
8724,55.105297
8725,39.112198
8726,52.45404
8727,45.1503
8728,49.302166
8729,29.88354
8730,42.899887
8731,42.22719
8732,44.566093
8733,42.299286
8734,41.375546
8735,48.747787
8736,66.94795
8737,48.67079
8738,34.705635
8739,59.19042
8740,52.54947
8741,39.555664
8742,49.200188
8743,45.26722
8744,53.590496
8745,44.510765
8746,44.639793
8747,34.44607
8748,48.137924
8749,40.771667
8750,61.899796
8751,38.658333
8752,59.976578
8753,46.519333
8754,54.838017
8755,60.1176
8756,51.726925
8757,21.636204
8758,46.90575
8759,36.23519
8760,48.716595
8761,33.687195
8762,35.61311
8763,55.11138
8764,57.86081
8765,49.329796
8766,41.761547
8767,37.25557
8768,29.908113
8769,46.684082
8770,40.71383
8771,47.388626
8772,47.11985
8773,39.7911
8774,39.28379
8775,55.525787
8776,58.107643
8777,50.611137
8778,33.59381
8779,29.568275
8780,51.822475
8781,59.51704
8782,38.19828
8783,39.489235
8784,50.613815
8785,29.346346
8786,47.420845
8787,52.04261
8788,51.687283
8789,54.462006
8790,41.298126
8791,23.86073
8792,58.752968
8793,53.995987
8794,48.283787
8795,46.053528
8796,34.715755
8797,40.315018
8798,73.44533
8799,54.414898
8800,41.77469
8801,58.83097
8802,41.33121
8803,36.79225
8804,49.154716
8805,37.12181
8806,51.68235
8807,54.570545
8808,45.76319
8809,42.170143
8810,43.57016
8811,44.581482
8812,35.67421
8813,67.28736
8814,50.072906
8815,45.280537
8816,49.893105
8817,32.668247
8818,52.835392
8819,42.608677
8820,51.98226
8821,53.746002
8822,33.3561
8823,37.48668
8824,32.611893
8825,41.94342
8826,39.480488
8827,41.497467
8828,53.765053
8829,33.09851
8830,52.034264
8831,50.987953
8832,57.866318
8833,45.70801
8834,60.69395
8835,40.882305
8836,50.396027
8837,40.247128
8838,40.471245
8839,40.221416
8840,70.03413
8841,44.093792
8842,48.287304
8843,29.134188
8844,49.110622
8845,58.309765
8846,59.60814
8847,43.003914
8848,48.196053
8849,43.757217
8850,37.541084
8851,49.627388
8852,54.355896
8853,43.60121
8854,43.66867
8855,35.077183
8856,38.6845
8857,42.76949
8858,71.37129
8859,31.12816
8860,61.52577
8861,30.298922
8862,49.908157
8863,28.48319
8864,64.49101
8865,50.800003
8866,41.892532
8867,57.714455
8868,42.418137
8869,46.625793
8870,19.386007
8871,48.17894
8872,39.953644
8873,56.647923
8874,41.359753
8875,38.552845
8876,32.488934
8877,53.20176
8878,45.32169
8879,43.5272
8880,26.705894
8881,57.055164
8882,45.986073
8883,63.375275
8884,48.127975
8885,42.85961
8886,40.325592
8887,40.33329
8888,44.20197
8889,49.262352
8890,38.57663
8891,25.820562
8892,45.921425
8893,40.608994
8894,37.254013
8895,39.26148
8896,33.18532
8897,46.27775
8898,57.742683
8899,57.280113
8900,50.559746
8901,29.536346
8902,49.10514
8903,58.680244
8904,45.86566
8905,66.830284
8906,41.94609
8907,37.70822
8908,36.41908
8909,35.93342
8910,52.582203
8911,39.523903
8912,47.35273
8913,60.710087
8914,40.990726
8915,54.953217
8916,35.223885
8917,46.887035
8918,34.158474
8919,52.12079
8920,58.10775
8921,44.46125
8922,42.619392
8923,22.628168
8924,53.58773
8925,41.631813
8926,53.557827
8927,53.604717
8928,48.61678
8929,43.078796
8930,53.918232
8931,34.537857
8932,52.344395
8933,55.93518
8934,47.264755
8935,39.349762
8936,39.264397
8937,38.31545
8938,48.036293
8939,45.492973
8940,45.418503
8941,27.204655
8942,25.074045
8943,35.233135
8944,42.83146
8945,52.553482
8946,50.144
8947,55.421803
8948,55.578102
8949,55.99317
8950,39.71976
8951,53.277443
8952,52.268387
8953,34.5124
8954,46.180805
8955,58.903748
8956,52.946175
8957,52.36222
8958,55.19905
8959,42.989494
8960,36.827316
8961,50.37538
8962,53.24363
8963,34.80142
8964,42.764584
8965,59.484
8966,46.981197
8967,50.6459
8968,37.70068
8969,22.76909
8970,36.57717
8971,66.97296
8972,41.81993
8973,39.055584
8974,41.358067
8975,47.00673
8976,48.26384
8977,52.032074
8978,42.424805
8979,48.839306
8980,55.800842
8981,38.60795
8982,48.023525
8983,33.4304
8984,58.19622
8985,38.608906
8986,57.84533
8987,43.897408
8988,47.948715
8989,48.466705
8990,49.998604
8991,44.384537
8992,42.329926
8993,63.40141
8994,37.849728
8995,42.818035
8996,28.396843
8997,35.948868
8998,48.54476
8999,47.8056
9000,43.35024
9001,55.06854
9002,49.76387
9003,44.532005
9004,25.528086
9005,66.89777
9006,41.273087
9007,48.617256
9008,51.952232
9009,49.268066
9010,43.658363
9011,50.43979
9012,44.66617
9013,35.587288
9014,31.155916
9015,56.783615
9016,49.57002
9017,39.456028
9018,38.47337
9019,36.605534
9020,33.67861
9021,39.389133
9022,50.15792
9023,45.730503
9024,49.25324
9025,40.75278
9026,50.27408
9027,40.866074
9028,43.033886
9029,63.155273
9030,54.437885
9031,33.19166
9032,44.379707
9033,46.740925
9034,28.738148
9035,44.130554
9036,56.08479
9037,50.190025
9038,56.82045
9039,32.986458
9040,36.850307
9041,45.792393
9042,47.516914
9043,39.522915
9044,33.468464
9045,50.18075
9046,37.96039
9047,58.76248
9048,43.267464
9049,60.77084
9050,65.413124
9051,50.782074
9052,26.189846
9053,52.661293
9054,57.17154
9055,54.709126
9056,51.58845
9057,62.180103
9058,44.58227
9059,62.109947
9060,36.243637
9061,37.157627
9062,38.7927
9063,21.705717
9064,47.191456
9065,64.22298
9066,64.32342
9067,22.62249
9068,54.95214
9069,61.971035
9070,46.871796
9071,45.90062
9072,43.26126
9073,45.579285
9074,39.17763
9075,48.09669
9076,45.63509
9077,41.413116
9078,44.932804
9079,40.592632
9080,39.42116
9081,30.315113
9082,34.333607
9083,60.778297
9084,51.308723
9085,53.972435
9086,18.615143
9087,41.60846
9088,52.944298
9089,38.709816
9090,31.154406
9091,42.37359
9092,29.216848
9093,42.635735
9094,45.408028
9095,69.55857
9096,45.558125
9097,45.849834
9098,42.13955
9099,62.795547
9100,62.468933
9101,49.97419
9102,37.82988
9103,40.278107
9104,38.261997
9105,51.07112
9106,53.209312
9107,47.143654
9108,26.31285
9109,65.31671
9110,48.46218
9111,54.019554
9112,45.645073
9113,41.5717
9114,53.782753
9115,29.10954
9116,46.873405
9117,38.917038
9118,61.815456
9119,36.25173
9120,41.059807
9121,42.380722
9122,29.422575
9123,54.978355
9124,69.33549
9125,63.299957
9126,47.82284
9127,53.61773
9128,49.62375
9129,45.948418
9130,39.095226
9131,54.129364
9132,54.913242
9133,42.699635
9134,47.99083
9135,42.65046
9136,51.748703
9137,48.058014
9138,49.748985
9139,30.247496
9140,55.564007
9141,57.03182
9142,31.769844
9143,39.807034
9144,42.328903
9145,35.903126
9146,40.03454
9147,53.99264
9148,52.522602
9149,49.221943
9150,48.669743
9151,34.424652
9152,54.539906
9153,38.74926
9154,45.169884
9155,47.81499
9156,44.53545
9157,50.51638
9158,64.53647
9159,15.284315
9160,42.994766
9161,29.692677
9162,45.467495
9163,41.3803
9164,49.62502
9165,34.241734
9166,43.382786
9167,36.80692
9168,36.561207
9169,42.94736
9170,35.486053
9171,44.513767
9172,34.67488
9173,61.586308
9174,38.610252
9175,43.43027
9176,49.181213
9177,54.542603
9178,40.778515
9179,28.642458
9180,49.489883
9181,59.71741
9182,28.135502
9183,56.3505
9184,39.019123
9185,50.246613
9186,49.490444
9187,29.92021
9188,57.403038
9189,45.312313
9190,38.43971
9191,49.01826
9192,41.085663
9193,57.43642
9194,32.172005
9195,27.996984
9196,53.995846
9197,59.041943
9198,47.27868
9199,68.37332
9200,58.163864
9201,44.77024
9202,59.688942
9203,52.02475
9204,40.557022
9205,46.428627
9206,49.34297
9207,50.214996
9208,38.56682
9209,29.550964
9210,50.219128
9211,38.27564
9212,29.913654
9213,48.37751
9214,43.246437
9215,35.927086
9216,36.778545
9217,38.02112
9218,47.629284
9219,57.932045
9220,31.021284
9221,42.365505
9222,63.6632
9223,32.06231
9224,54.359737
9225,54.44249
9226,42.08185
9227,57.94161
9228,32.8693
9229,37.88354
9230,37.81582
9231,39.06021
9232,46.257763
9233,36.644485
9234,52.81768
9235,63.36213
9236,42.474804
9237,18.797264
9238,39.27111
9239,55.754784
9240,43.048347
9241,61.759842
9242,60.18263
9243,64.98563
9244,49.183853
9245,42.51576
9246,32.57867
9247,59.175766
9248,33.98574
9249,34.43934
9250,55.44875
9251,38.960728
9252,56.94943
9253,44.79018
9254,39.937683
9255,49.468952
9256,43.210957
9257,30.106033
9258,56.6985
9259,49.881504
9260,54.27845
9261,35.31842
9262,46.59329
9263,37.386242
9264,47.143745
9265,56.74338
9266,32.605377
9267,44.631935
9268,30.88142
9269,43.718334
9270,33.647766
9271,45.86709
9272,54.107086
9273,58.64558
9274,53.468143
9275,41.489014
9276,41.999092
9277,53.316185
9278,39.349174
9279,46.316875
9280,36.636433
9281,37.256927
9282,41.97805
9283,54.0307
9284,38.406807
9285,31.503508
9286,52.115276
9287,31.309252
9288,56.86312
9289,42.435783
9290,46.1276
9291,35.14466
9292,38.329617
9293,43.460037
9294,47.603554
9295,34.76028
9296,41.868546
9297,38.43438
9298,41.0087
9299,68.65197
9300,49.08351
9301,46.15246
9302,52.641212
9303,40.698795
9304,56.244255
9305,46.110596
9306,48.39498
9307,46.78415
9308,41.646976
9309,53.81743
9310,49.743996
9311,34.60684
9312,57.57449
9313,51.264053
9314,61.14107
9315,46.176285
9316,31.636745
9317,52.963997
9318,54.724426
9319,52.09939
9320,37.371407
9321,39.417614
9322,43.9014
9323,17.245451
9324,48.3119
9325,44.104736
9326,35.25361
9327,52.05957
9328,48.02571
9329,60.23129
9330,39.849533
9331,56.148148
9332,45.961876
9333,56.139893
9334,51.615498
9335,57.289726
9336,62.26711
9337,26.556879
9338,52.50419
9339,42.22897
9340,42.040176
9341,52.908745
9342,70.99009
9343,46.60862
9344,43.11718
9345,60.2287
9346,45.144295
9347,39.701103
9348,26.720625
9349,38.533596
9350,68.23637
9351,37.73183
9352,45.716896
9353,46.410416
9354,47.133286
9355,45.90851
9356,38.28242
9357,52.124744
9358,38.307022
9359,48.82601
9360,35.323677
9361,58.725586
9362,50.351276
9363,46.963844
9364,39.91893
9365,59.410637
9366,46.29601
9367,44.020103
9368,64.42364
9369,56.62494
9370,72.82212
9371,54.67143
9372,46.97223
9373,60.21991
9374,43.134953
9375,60.248802
9376,39.280075
9377,39.2623
9378,58.9466
9379,62.74376
9380,63.023636
9381,39.68267
9382,44.934284
9383,26.072838
9384,67.22468
9385,48.238926
9386,42.48082
9387,36.045044
9388,46.23451
9389,32.21014
9390,40.736168
9391,32.666454
9392,51.542137
9393,41.700672
9394,43.62484
9395,45.057487
9396,30.417175
9397,46.637
9398,36.22412
9399,48.13054
9400,22.378046
9401,42.134293
9402,40.211357
9403,55.810963
9404,59.314537
9405,37.441933
9406,25.922071
9407,38.783043
9408,65.270485
9409,39.725666
9410,49.244114
9411,48.53975
9412,50.519634
9413,60.765564
9414,66.507126
9415,51.200195
9416,58.01017
9417,45.13095
9418,49.40546
9419,41.8528
9420,56.21572
9421,47.699177
9422,50.716125
9423,42.22371
9424,34.034897
9425,47.04406
9426,61.70114
9427,56.69785
9428,31.06402
9429,40.532486
9430,51.961132
9431,57.848583
9432,37.815643
9433,35.50289
9434,50.973602
9435,71.121544
9436,58.16023
9437,52.75231
9438,32.1548
9439,51.992508
9440,32.975903
9441,47.568325
9442,29.549911
9443,59.8086
9444,20.57192
9445,28.787657
9446,30.155592
9447,45.37766
9448,42.88008
9449,29.602615
9450,31.74712
9451,48.718914
9452,50.072247
9453,65.220245
9454,63.437588
9455,58.71497
9456,62.64093
9457,43.661316
9458,55.43715
9459,54.88617
9460,42.66053
9461,54.92281
9462,51.76843
9463,39.16451
9464,47.488823
9465,49.741257
9466,41.577686
9467,16.786947
9468,43.783966
9469,58.908237
9470,34.961567
9471,34.82189
9472,34.511196
9473,42.069263
9474,29.868406
9475,35.18747
9476,48.925316
9477,46.061516
9478,50.975517
9479,28.707888
9480,35.554474
9481,47.98716
9482,40.10836
9483,42.187195
9484,64.82217
9485,59.953808
9486,54.792114
9487,54.19614
9488,44.94158
9489,35.58484
9490,41.65612
9491,49.98551
9492,38.715843
9493,47.20865
9494,38.283073
9495,67.51051
9496,41.5446
9497,43.97883
9498,44.53432
9499,49.52077
9500,60.088642
9501,47.39618
9502,41.53574
9503,35.05098
9504,36.468365
9505,46.747303
9506,44.69101
9507,52.67623
9508,17.343231
9509,35.057903
9510,54.374542
9511,32.5755
9512,37.578598
9513,61.526386
9514,51.516907
9515,52.011887
9516,49.944847
9517,40.463085
9518,57.998714
9519,46.752552
9520,52.07509
9521,45.046722
9522,26.221893
9523,68.72692
9524,35.771713
9525,64.47838
9526,39.98835
9527,68.61331
9528,52.307247
9529,54.04374
9530,43.535294
9531,47.202072
9532,22.703997
9533,57.693146
9534,49.620556
9535,45.903973
9536,63.40383
9537,40.928802
9538,56.125946
9539,46.27383
9540,40.151802
9541,52.97293
9542,53.067574
9543,39.44743
9544,32.07449
9545,46.433716
9546,46.405945
9547,34.501537
9548,46.08171
9549,60.726776
9550,58.995895
9551,55.19745
9552,43.18112
9553,26.772549
9554,39.933376
9555,47.749992
9556,49.67131
9557,62.039383
9558,48.70485
9559,31.417337
9560,44.100792
9561,42.34051
9562,51.81525
9563,52.630207
9564,36.64988
9565,51.3254
9566,66.95423
9567,55.53457
9568,51.95014
9569,49.379086
9570,47.55657
9571,30.206417
9572,31.514042
9573,46.28695
9574,41.85692
9575,52.22057
9576,46.35849
9577,51.25142
9578,46.808826
9579,38.455353
9580,46.25011
9581,63.259087
9582,38.36447
9583,49.270096
9584,34.498386
9585,33.679058
9586,33.56154
9587,35.275635
9588,43.89543
9589,35.759094
9590,48.25085
9591,33.7922
9592,44.692238
9593,43.722656
9594,48.065067
9595,49.355995
9596,63.153587
9597,26.108276
9598,55.462406
9599,34.9577
9600,41.98635
9601,47.580765
9602,51.713017
9603,62.6922
9604,43.99518
9605,28.832962
9606,58.810448
9607,40.070595
9608,36.43017
9609,65.389175
9610,28.051147
9611,48.12082
9612,35.928482
9613,38.995712
9614,65.46691
9615,59.786705
9616,50.210342
9617,50.739094
9618,64.93173
9619,33.061707
9620,42.52395
9621,45.323273
9622,46.620605
9623,39.723583
9624,64.47153
9625,42.885193
9626,41.937008
9627,27.585604
9628,55.234222
9629,44.746353
9630,42.739876
9631,45.139473
9632,48.42536
9633,38.698277
9634,63.546116
9635,33.65915
9636,47.111572
9637,46.738934
9638,32.089474
9639,45.470818
9640,42.25059
9641,33.024303
9642,47.020653
9643,43.172195
9644,46.27558
9645,35.335358
9646,53.28912
9647,50.4104
9648,53.05341
9649,44.8495
9650,62.518444
9651,29.161942
9652,54.054035
9653,33.64847
9654,43.207172
9655,54.62073
9656,46.31509
9657,33.839813
9658,53.48351
9659,42.253372
9660,55.67223
9661,56.362404
9662,54.423378
9663,46.04064
9664,22.550934
9665,38.9633
9666,30.857765
9667,43.186417
9668,34.18657
9669,28.742739
9670,43.82659
9671,37.817383
9672,47.865692
9673,33.85252
9674,51.095604
9675,42.07438
9676,41.006714
9677,47.40043
9678,33.438183
9679,26.882673
9680,69.194695
9681,23.162867
9682,37.048515
9683,35.581436
9684,43.524204
9685,44.179283
9686,28.27474
9687,27.730642
9688,42.257282
9689,43.43711
9690,48.532288
9691,54.69452
9692,67.12498
9693,45.721268
9694,57.287033
9695,45.741074
9696,46.84185
9697,55.105442
9698,39.42605
9699,29.664772
9700,47.494846
9701,46.731277
9702,60.38839
9703,22.70235
9704,46.34996
9705,34.1656
9706,44.87155
9707,41.488564
9708,37.360676
9709,54.2637
9710,41.925354
9711,55.271873
9712,51.146454
9713,65.98737
9714,56.0028
9715,50.781837
9716,38.78677
9717,44.93889
9718,48.202698
9719,49.913937
9720,55.792606
9721,67.32011
9722,43.91166
9723,29.835882
9724,41.987312
9725,67.28671
9726,55.647575
9727,37.644287
9728,41.867317
9729,43.992363
9730,34.327034
9731,43.648506
9732,49.016846
9733,43.728535
9734,34.168312
9735,41.098183
9736,42.035156
9737,44.34771
9738,43.32135
9739,57.9674
9740,44.301147
9741,54.6075
9742,37.69172
9743,48.00551
9744,35.713734
9745,50.708946
9746,60.262787
9747,45.99894
9748,51.232292
9749,42.785156
9750,47.203304
9751,37.891598
9752,43.445274
9753,42.275635
9754,50.709797
9755,55.115875
9756,41.17257
9757,56.53814
9758,36.86485
9759,27.057486
9760,40.31205
9761,35.12218
9762,58.2511
9763,36.44223
9764,59.682137
9765,40.424007
9766,49.561234
9767,45.93151
9768,38.934845
9769,51.222595
9770,45.15526
9771,52.334484
9772,54.320568
9773,51.037064
9774,33.246273
9775,51.296726
9776,28.961514
9777,56.702675
9778,56.91276
9779,45.78918
9780,37.324005
9781,22.52083
9782,54.113415
9783,55.968822
9784,65.42645
9785,51.857956
9786,56.925423
9787,56.114105
9788,66.26737
9789,45.876724
9790,44.68584
9791,56.46759
9792,52.8538
9793,21.731966
9794,40.91553
9795,55.28188
9796,69.166756
9797,40.682293
9798,36.107998
9799,43.507603
9800,51.30204
9801,43.010777
9802,37.47486
9803,42.38811
9804,49.927307
9805,60.253746
9806,64.64863
9807,44.99177
9808,47.11576
9809,38.963036
9810,47.173874
9811,62.05615
9812,54.143272
9813,37.96826
9814,61.160942
9815,55.00644
9816,33.752834
9817,17.959402
9818,32.20936
9819,49.39274
9820,22.591776
9821,40.401363
9822,22.396313
9823,35.486115
9824,53.501713
9825,33.961945
9826,39.706173
9827,52.668434
9828,52.35003
9829,55.253914
9830,47.359974
9831,48.780598
9832,36.062077
9833,52.20637
9834,45.47528
9835,49.651535
9836,37.089176
9837,59.06086
9838,48.742683
9839,42.834465
9840,27.54634
9841,50.11242
9842,53.13217
9843,43.719643
9844,45.681377
9845,71.714745
9846,36.29294
9847,41.41581
9848,32.107853
9849,52.23486
9850,56.30234
9851,44.931477
9852,36.807373
9853,37.886124
9854,56.16189
9855,58.031425
9856,54.3323
9857,44.300972
9858,40.576
9859,34.591038
9860,50.502472
9861,41.505207
9862,59.023453
9863,46.54006
9864,41.996582
9865,21.254093
9866,38.3842
9867,45.178123
9868,47.756634
9869,29.902925
9870,54.711365
9871,39.040073
9872,41.24924
9873,50.305084
9874,30.216835
9875,30.02437
9876,62.57714
9877,40.59709
9878,45.437073
9879,56.31324
9880,49.96354
9881,42.55197
9882,51.14602
9883,29.688559
9884,65.62991
9885,50.445923
9886,52.42798
9887,52.27356
9888,29.899683
9889,54.15555
9890,61.82647
9891,43.137318
9892,38.56821
9893,47.22596
9894,31.538252
9895,33.64032
9896,55.390198
9897,33.879505
9898,57.558758
9899,37.678722
9900,39.81979
9901,32.519817
9902,44.802025
9903,56.18026
9904,38.159977
9905,35.91641
9906,39.252243
9907,29.0024
9908,42.444244
9909,44.113148
9910,47.740597
9911,46.648155
9912,45.952873
9913,35.70981
9914,48.648033
9915,38.742203
9916,25.92505
9917,42.999943
9918,47.73877
9919,37.616055
9920,42.59794
9921,53.56121
9922,29.99213
9923,49.89628
9924,65.13949
9925,50.482574
9926,55.73628
9927,48.541397
9928,38.65297
9929,55.585243
9930,67.89324
9931,42.83707
9932,40.839252
9933,43.961918
9934,56.303314
9935,34.33117
9936,49.399582
9937,30.728176
9938,53.114487
9939,23.510408
9940,45.40399
9941,38.227585
9942,25.096897
9943,42.64401
9944,47.225723
9945,36.597797
9946,43.77955
9947,48.702377
9948,44.984795
9949,54.944145
9950,46.41437
9951,30.395117
9952,46.769215
9953,46.520523
9954,55.323174
9955,54.48401
9956,44.7935
9957,41.623672
9958,47.910133
9959,40.15968
9960,43.701645
9961,54.475845
9962,38.608906
9963,46.0293
9964,49.514854
9965,36.07312
9966,46.745453
9967,35.76155
9968,43.922226
9969,52.318237
9970,47.05062
9971,54.20987
9972,33.14398
9973,43.111748
9974,49.677017
9975,41.027687
9976,49.26815
9977,31.453661
9978,39.64182
9979,57.784393
9980,60.390457
9981,35.620598
9982,43.869587
9983,48.065205
9984,32.818035
9985,41.762985
9986,36.531563
9987,35.058743
9988,61.213104
9989,52.03021
9990,60.306435
9991,47.256294
9992,42.929794
9993,51.119858
9994,39.486137
9995,57.206207
9996,51.079258
9997,43.132206
9998,54.25885
9999,38.08445
